Index;Labels;Section;Subsection
1a;Teardrops,pendent,horizontal panel;strokes and lines;strokes
1b;Teardrops,pendent,in groups,horizontal panel;strokes and lines;strokes
1c;Vertical bars,horizontal panel;strokes and lines;strokes
1d;Vertical bars,vertical panel;strokes and lines;strokes
1e;Bars,vertical,horizontal panel;strokes and lines;strokes
1f;Bars,horizontal,vertical panel;strokes and lines;strokes
1g;Bars,vertical,floating,horizontal panel;strokes and lines;strokes
1h;Vertical bars,enclosing shorter bars,horizontal panel;strokes and lines;strokes
1i;Vertical bars,thick,horizontal panel;strokes and lines;strokes
1j;Vertical lines;strokes and lines;strokes
1k;Vertical lines and bars,alternately thick and thin;strokes and lines;strokes
1l;Horizontal bars,in a framed pannel;strokes and lines;strokes
2a;Vertical bars,various filling ornaments,horizontal panel;strokes and lines;strokes
2b;Vertical bars,various filling ornaments,horizontal panel;strokes and lines;strokes
2c;Vertical bars,various filling ornaments,horizontal panel;strokes and lines;strokes
2d;Vertical bars,various filling ornaments,horizontal panel;strokes and lines;strokes
2e;Vertical bars,various filling ornaments,horizontal panel;strokes and lines;strokes
2f;Vertical bars,various filling ornaments,horizontal panel;strokes and lines;strokes
2g;Vertical bars,various filling ornaments,horizontal panel;strokes and lines;strokes
2i;Vertical bars,various filling ornaments,horizontal panel;strokes and lines;strokes
2j;Vertical bars,various filling ornaments,horizontal panel;strokes and lines;strokes
2h;Horizontal bars,various filling ornaments,vertical panel;strokes and lines;strokes
3a;Vertical bars,various filling ornaments,horizontal panel;strokes and lines;strokes
3b;Vertical bars,various filling ornaments,horizontal panel;strokes and lines;strokes
3c;Vertical bars,various filling ornaments,horizontal panel;strokes and lines;strokes
3d;Vertical bars,various filling ornaments,horizontal panel;strokes and lines;strokes
3e;Vertical bars,various filling ornaments,horizontal panel;strokes and lines;strokes
3f;Vertical bars,various filling ornaments,horizontal panel;strokes and lines;strokes
3g;Vertical bars,various filling ornaments,horizontal panel;strokes and lines;strokes
3h;St. Andrew's crosses,alternating with vertical bars,simple,horizontal panel;strokes and lines;strokes
3i;St. Andrew's crosses,alternating with vertical bars,chevrons inserted,horizontal panel;strokes and lines;strokes
4a;Vertical and horizontal bars,in groups,horizontal panel;strokes and lines;strokes
4b;Groups of bars,crossing each other,filling ornament;strokes and lines;strokes
4c;Composition of vertical and horizontal bars;strokes and lines;strokes
4d;Comb-like patterns,vertical panel;strokes and lines;strokes
4e;Lines,free design,metopal;strokes and lines;strokes
5a;Bars,diagonally to right,horizontal panel;strokes and lines;strokes
5b;Bars,diagonally to left,horizontal panel;strokes and lines;strokes
5c;Bars,diagonally to right or left, vertical panel;strokes and lines;strokes
5d;Bars,diagonally to right or left, vertical panel;strokes and lines;strokes
5e;Stack of oblique half-lines,inclined to right or left,vertical panel;strokes and lines;strokes
5f;Stack of oblique half-lines,inclined to right or left,vertical panel;strokes and lines;strokes
6a;Opposed diagonals,horizontal panel;strokes and lines;strokes
6b;Opposed diagonals,vertical panel;strokes and lines;strokes
6c;Hatched triangles,interlocked,horizontal panel;strokes and lines;strokes
6d;Interlocked triangles,the apices hatched,horizontal panel;strokes and lines;strokes
6e;Large and small stacked triangles,the field hatched,metopal;strokes and lines;strokes
6f;Latticing,vertical panel;strokes and lines;strokes
7a;Opposed diagonals,separated by solid triangles,horizontal panel;strokes and lines;strokes
7b;Opposed diagonals,separated by solid triangles,horizontal panel;strokes and lines;strokes
7c;Opposed diagonals,separated by solid triangles,vertical panel;strokes and lines;strokes
7d;Opposed triangles,solid,between them cross-hatching,horizontal panel;strokes and lines;strokes
7e;Opposed groups of lines,obliquely disposed,horizontal panel;strokes and lines;strokes
8a;Wavy band,thick,horizontal panel;strokes and lines;lines
8b;Wavy band,various filling ornaments,horizontal panel;strokes and lines;lines
8c;Wavy band,various filling ornaments,horizontal panel;strokes and lines;lines
8d;Wavy band,various filling ornaments,horizontal panel;strokes and lines;lines
8e;Wavy band,double,horizontal panel;strokes and lines;lines
8f;Wavy band,triple,horizontal panel;strokes and lines;lines
8g;Wavy band,multiple,horizontal panel;strokes and lines;lines
9a;Wave band,steep,some with filling ornaments,horizontal panel;strokes and lines;lines
9b;Wave band,steep,some with filling ornaments,horizontal panel;strokes and lines;lines
9c;Wave band,steep,some with filling ornaments,horizontal panel;strokes and lines;lines
9d;Wave band,steep,hatched,horizontal panel;strokes and lines;lines
9e;Wave band,steep,hatched,horizontal panel;strokes and lines;lines
10a;Half moons,horizontal panel;strokes and lines;lines
10b;Half moons,pendent,horizontal panel;strokes and lines;lines
10c;"Double hooks (""lightning""),single,horizontal panel";strokes and lines;lines
10d;Pairs of double hooks,horizontal panel;strokes and lines;lines
10e;Double hooks,parallel,horizontal panel;strokes and lines;lines
11a;Rectangles,concentric,the innermost solid,metopal;rectangular ornaments;rectangle
11b;Rectangles,concentric,as filling ornament;rectangular ornaments;rectangle
11c;Rectangles,concentric,as filling ornament;rectangular ornaments;rectangle
11d;"Rectangles,set into each other (""coffer""),various ornaments";rectangular ornaments;rectangle
11e;"Rectangles,set into each other (""coffer""),various ornaments";rectangular ornaments;rectangle
11f;"Rectangles,set into each other (""coffer""),various ornaments";rectangular ornaments;rectangle
11g;Square,enclosing St. George's cross,triple lines;rectangular ornaments;rectangle
11h;Square,dotted quarters,as filling ornament;rectangular ornaments;rectangle
11i;Rectangle,one cross-bar,as filling ornament;rectangular ornaments;rectangle
11j;Square,cross-hatched,as filling ornament;rectangular ornaments;rectangle
11k;Rectangle,cross-hatched,vertical panel;rectangular ornaments;rectangle
12a;Checkerboard,hatched,empty centre,metopal;rectangular ornaments;rectangle
12b;Latticed checkerboard,cruciform,metopal;rectangular ornaments;rectangle
12c;Latticed checkerboard,cruciform,metopal;rectangular ornaments;rectangle
12d;Latticed checkerboard,cruciform,metopal;rectangular ornaments;rectangle
12e;Wolftooth and cross-hatched checkerboard,in a double-decker metope;rectangular ornaments;rectangle
12f;Three stars,eight-pointed,in a double-decker metope;rectangular ornaments;rectangle
13a;Checkerboard,horizontal panel;rectangular ornaments;rectangle
13b;Checkerboard,vertical panel;rectangular ornaments;rectangle
13c;Dotted checkerboard,vertical panel;rectangular ornaments;rectangle
13d;Checkerboard,hatched,vertical panel;rectangular ornaments;rectangle
13e;Checkerboard,cross-hatched,horizontal panel;rectangular ornaments;rectangle
13f;Checkerboard,horizontal hatching,horizontal panel;rectangular ornaments;rectangle
13g;Checkerboard,simplified,horizontal panel;rectangular ornaments;rectangle
13h;Checkerboard,simplified,vertical panel;rectangular ornaments;rectangle
14a;Concentric rectangles,enclosing hour-glass,neck ornament;rectangular ornaments;rectangle
14b;St. Andrew's cross with latticed/dotted/stacked chevrons;rectangular ornaments;rectangle
14c;St. Andrew's cross with latticed/dotted/stacked chevrons;rectangular ornaments;rectangle
14d;St. Andrew's cross with latticed/dotted/stacked chevrons;rectangular ornaments;rectangle
14e;St. Andrew's cross with latticed/dotted/stacked chevrons;rectangular ornaments;rectangle
14f;St. Andrew's cross,spandrels differently hatched,metopal;rectangular ornaments;rectangle
14g;St. Andrew's cross with latticed and checkerboarded chevrons,metopal;rectangular ornaments;rectangle
14h;Saltire square;rectangular ornaments;rectangle
14i;Saltire square with dots,as filling and shoulder ornament;rectangular ornaments;rectangle
14j;Saltire square with dots,as filling and shoulder ornament;rectangular ornaments;rectangle
14k;Square,doubled diagonals,as filling ornaments;rectangular ornaments;rectangle
15a;Various ornaments,horizontally stacked,metopal;rectangular ornaments;rectangle
15b;T-shaped filling ornament;rectangular ornaments;rectangle
15c;T-shaped filling ornament;rectangular ornaments;rectangle
16a;Quatrefoil,hatched,metopal;rectangular ornaments;rosette
16b;Quatrefoil,hatched,metopal;rectangular ornaments;rosette
16c;Quatrefoil,cross-hatched,metopal;rectangular ornaments;rosette
16d;Quatrefoil,hatched,with central dotted circle,metopal;rectangular ornaments;rosette
16e;Quatrefoil,hatched,with central dotted circle,metopal;rectangular ornaments;rosette
16f;Quatrefoil,hatched,double outline,metopal;rectangular ornaments;rosette
16g;Quatrefoil,solid,double outline,metopal;rectangular ornaments;rosette
16h;Quatrefoil,simple lines,single or double outline,metopal;rectangular ornaments;rosette
16i;Quatrefoil,simple lines,single or double outline,metopal;rectangular ornaments;rosette
16j;Quatrefoil,hatched,on stalks,metopal;rectangular ornaments;rosette
16k;Quatrefoil,reserved,background cross-hatched,metopal;rectangular ornaments;rosette
16l;Quatrefoil,reserved,background dotted,metopal;rectangular ornaments;rosette
16m;Quatrefoil,reserved,background dotted,metopal;rectangular ornaments;rosette
17a;Dotted quatrefoil with quartered lozenges,metopal;rectangular ornaments;rosette
17b;Quatrefoil,strong lines,as filling ornament;rectangular ornaments;rosette
17c;Quatrefoil,solid,surrounded by half-moons;rectangular ornaments;rosette
17d;Double-halfmoon ornament,metopal;rectangular ornaments;rosette
17e;Hexafoil,hatched or doubled,metopal;rectangular ornaments;rosette
17f;Octofoil,hatched,metopal;rectangular ornaments;rosette
17g;Octofoil,hatched,metopal;rectangular ornaments;rosette
17h;Octofail,reserved,background hatched,metopal;rectangular ornaments;rosette
18a;Battlement,hatched,horizontal panel;rectangular ornaments;battlements
18b;Battlement,hatched,horizontal panel;rectangular ornaments;battlements
18c;Battlement,hatched,vertical panel;rectangular ornaments;battlements
18d;Battlement,parallel cross-hatching,horizontal panel;rectangular ornaments;battlements
18e;Battlement,zigzag-filled,horizontal panel;rectangular ornaments;battlements
18f;Battlement,hatched,and checked bars,horizontal panel;rectangular ornaments;battlements
18g;Battlement and bars,hatched,vertical panel;rectangular ornaments;battlements
18h;Battlement,dotted,horizontal panel;rectangular ornaments;battlements
19a;Battlement,multiple outline,horizontal panel;rectangular ornaments;battlements
19b;Battlement,multiple outline,horizontal panel;rectangular ornaments;battlements
19c;Battlement,multiple outline,horizontal panel;rectangular ornaments;battlements
19d;Battlement,multiple outline,vertical panel;rectangular ornaments;battlements
19e;Battlement,dots in the interspaces,horizontal panel;rectangular ornaments;battlements
19f;Battlement,multiple outline,single link;rectangular ornaments;battlements
19g;Battlement,single line,horizontal panel;rectangular ornaments;battlements
19h;Battlement,high and slim,single line,horizontal panel;rectangular ornaments;battlements
20a;Battlement,double,hatched,horizontal panel;rectangular ornaments;battlements
20b;Battlement,double,hatched,rectilinear hooks attached,horizontal panel;rectangular ornaments;battlements
20c;Multiple battlement,hatched,vertical arrangement (frgt.);rectangular ornaments;battlements
20d;Gear-pattern,in a cross-hatched field,horizontal panel;rectangular ornaments;battlements
20e;Gear-pattern,hatched,horizontal panel;rectangular ornaments;battlements
20f;Gear-pattern,hatched,vertical panel;rectangular ornaments;battlements
20g;Battlement,formed by groups of bars,horizontal panel;rectangular ornaments;battlements
20h;Gear-pattern,horizontal panel;rectangular ornaments;battlements
20i;Gear-pattern,vertical panel;rectangular ornaments;battlements
21a;Meander,turning to left,hatched,horizontal panel;rectangular ornaments;meander
21b;Meander,turning to left,hatched,horizontal panel;rectangular ornaments;meander
21c;Meander,turning to left,hatched,single link;rectangular ornaments;meander
21d;Meander,turning to left,hatched,single link;rectangular ornaments;meander
21e;Meander,turning to left,hatched at right angles,horizontal panel;rectangular ornaments;meander
21f;Meander,turning to left,cross-hatched at right angles,horizontal panel;rectangular ornaments;meander
21g;Meander,turning to left,cross-hatched,horizontal panel;rectangular ornaments;meander
21h;Meander,turning to left or right,hatched,vertical panel;rectangular ornaments;meander
21i;Meander,turning to left or right,hatched,vertical panel;rectangular ornaments;meander
21j;Meander,chain of separate links turning to left,hatched,vertical panel;rectangular ornaments;meander
22a;Meander,turning to left,hatched,and meander hooks,solid,horizontal panel;rectangular ornaments;meander
22b;Meander,turning to left,dotted,horizontal panel;rectangular ornaments;meander
22c;Meander,turning to left,single line,horizontal panel;rectangular ornaments;meander
23a;Meander,turning to right,hatched,horizontal panel;rectangular ornaments;meander
23b;Meander,turning to right,hatched,single link;rectangular ornaments;meander
23c;Meander,turning to right,cross-hatched,horizontal panel;rectangular ornaments;meander
23d;Meander,turning to right,cross-hatched,single link;rectangular ornaments;meander
23e;Meander,turning to right,double lines without hatching,horizontal panel;rectangular ornaments;meander
23f;Meander,turning to right,single line,horizontal panel;rectangular ornaments;meander
23g;Meander,chain of separate links,single line,horizontal panel;rectangular ornaments;meander
24a;Meander,double,hatched,horizontal panel;rectangular ornaments;meander
24b;Meander,double,as fig. 24a but reversed,horizontal panel;rectangular ornaments;meander
24c;Meander,double,as fig. 24a but inverted,horizontal panel;rectangular ornaments;meander
24d;Meander,double,as fig. 24b but inverted,horizontal panel;rectangular ornaments;meander
24e;"""Enclosed"" meander,turning to right,hatched,horizontal panel";rectangular ornaments;meander
24f;Two meanders,intertwined,hatched,horizontal panel;rectangular ornaments;meander
25a;Meander,double,hatched,horizontal panel;rectangular ornaments;meander
25b;Meander,triple,hatched,horizontal panel;rectangular ornaments;meander
25c;Meander,triple,hatched,horizontal panel;rectangular ornaments;meander
25d;Meander,quadruple,hatched,horizontal panel;rectangular ornaments;meander
26a;Multiple meander,hatched,horizontal panel;rectangular ornaments;meander
26b;Step meander,turning to left,hatched,horizontal panel;rectangular ornaments;meander
26c;Step meander,turning to right,hatched,horizontal panel;rectangular ornaments;meander
26d;Step meander,turning to right,single lines,horizontal panel;rectangular ornaments;meander
27a;Meander with an additional downward turn,hatched,horizontal panel;rectangular ornaments;meander
27b;Meander,hatched,in detached winds,horizontal panel;rectangular ornaments;meander
27c;Meander and battlement pattern,alternating,hatched,horizontal panel;rectangular ornaments;meander
27d;Meander and battlement pattern,hatched,single pair;rectangular ornaments;meander
27e;Meander and two opposed battlements,alternating,hatched,horizontal panel;rectangular ornaments;meander
27f;Meander and swastika,alternating,hatched,horizontal panel;rectangular ornaments;meander
27g;Two meanders,turning to left,hatched,stacked and connected,horizontal panel;rectangular ornaments;meander
28a;T-meander,hatched,horizontal panel;rectangular ornaments;meander
28b;T-meander,hatched,inverted,horizontal panel;rectangular ornaments;meander
28c;Meander hooks,hatched,horizontal panel;rectangular ornaments;meander
28d;Meander hooks,hatched,horizontal panel;rectangular ornaments;meander
28e;Meander hooks,hatched,horizontal panel;rectangular ornaments;meander
28f;Meander hooks,hatched,vertical panel;rectangular ornaments;meander
28g;Meander hooks,hatched,single pair,metopal;rectangular ornaments;meander
28h;Meander hooks,hatched,single pair,metopal;rectangular ornaments;meander
28i;Meander hooks,hatched,vertical beams to fill remaining space;rectangular ornaments;meander
28j;Meander hooks,reserved,background cross-hatched,single pair;rectangular ornaments;meander
28k;Meander hooks,single line,horizontal panel;rectangular ornaments;meander
29a;Hatched hooks,horizontal panel;rectangular ornaments;meander
29b;Hooks,meander-like,horizontal panel;rectangular ornaments;meander
29c;Hooks,meander-like,horizontal panel;rectangular ornaments;meander
29d;Hatched meander-like hooks,horizontal panel;rectangular ornaments;meander
29e;Z-shaped hooks,hatched,horizontal panel;rectangular ornaments;meander
29f;Z-shaped hooks,hatched,vertical panel;rectangular ornaments;meander
30a;Meander hooks,opposed,hatched,continuous repetition,horizontal panel;rectangular ornaments;meander
30b;Meander hooks,alternately attached at top and bottom,hatched,horizontal panel;rectangular ornaments;meander
30c;Meander hooks,standing,hatched,horizontal panel;rectangular ornaments;meander
30d;Meander hooks,pendent,single lines,horizontal panel;rectangular ornaments;meander
30e;Meander hooks,pendent,single lines,horizontal panel;rectangular ornaments;meander
30f;Meander hooks,alternatively standing and pendent,single lines,horizontal panel;rectangular ornaments;meander
31a;Meander-type ornament,hatched,horizontal panel;rectangular ornaments;meander
31b;Chain of meander-type ornaments,hatched,horizontal panel;rectangular ornaments;meander
31c;Meander-type ornament,hatched,single link;rectangular ornaments;meander
31d;Meander-like pattern,hatched,horizontal panel;rectangular ornaments;meander
31e;"""Double trident"" hatched,horizontal panel";rectangular ornaments;meander
31f;Ornament in the sape of a two-sided 'comb',hatched,horizontal panel;rectangular ornaments;meander
31g;Ornament type de méandre,hachuré,panneau horizontal;rectangular ornaments;meander
31h;Meander tree;rectangular ornaments;meander
32a;Swastika,hatched,metopal;rectangular ornaments;swastika
32b;Swastika,hatched,metopal;rectangular ornaments;swastika
32c;Swastika,hatched,metopal;rectangular ornaments;swastika
32d;Swastika,hatched,metopal;rectangular ornaments;swastika
32e;Swastika,hatched,metopal;rectangular ornaments;swastika
32f;Swastika,dotted,metopal;rectangular ornaments;swastika
32g;Swastika,single line,metopal;rectangular ornaments;swastika
32h;Swastika,outlined,strong lines,as filling ornament;rectangular ornaments;swastika
32i;Swastika,single lines,filling ornament;rectangular ornaments;swastika
33a;Swastika,hatched,metopal;rectangular ornaments;swastika
33b;Swastika,hatched,metopal;rectangular ornaments;swastika
33c;Swastika,cross-hatched,metopal;rectangular ornaments;swastika
33d;Swastika,single lines,horizontal panel;rectangular ornaments;swastika
33e;Swastika,single lines,filling ornament;rectangular ornaments;swastika
33f;Swastika with acute-angled hooks,single lines,filling ornament;rectangular ornaments;swastika
34a;Hooked swastika,hatched,turning to left,metopal;rectangular ornaments;swastika
34b;Swastika with meander-like arms,hatched,turning to left,metopal;rectangular ornaments;swastika
34c;Hooked swastika,hatched,turning to right,metopal;rectangular ornaments;swastika
34d;Hooked swastika,hatched,turning to right,metopal;rectangular ornaments;swastika
34e;Hooked swastika,hatched,turning to right,metopal;rectangular ornaments;swastika
34f;Hooked swastika,single lines,turning to right,metopal;rectangular ornaments;swastika
34g;Cross,outlined,as filling ornament;rectangular ornaments;swastika
35a;Lozenge chain,horizontal panel;lozenge;lozenge chains
35b;Lozenge net,two-tiered,horizontal panel;lozenge;lozenge chains
35c;Lozenge chain,careless,horizontal panel;lozenge;lozenge chains
35d;Lozenge chain,vertical panel;lozenge;lozenge chains
35e;Lozenges,horizontal chain,filling ornament;lozenge;lozenge chains
35f;Lozenges,vertical chain,filling ornament;lozenge;lozenge chains
35g;Quartered lozenge,as filling ornament;lozenge;lozenge chains
36a;Lozenge chain,dotted,horizontal panel;lozenge;lozenge chains
36b;Dotted lozenge chain between rows of cross-hatched triangles pointing outwards;lozenge;lozenge chains
36c;As fig. 36b: vertical bars on the apices of the lozenges;lozenge;lozenge chains
36d;Lozenge chain,dotted,vertical panel;lozenge;lozenge chains
36e;Lozenge chain,dotted,vertical panel;lozenge;lozenge chains
36f;Parallel lozenge chains,dotted,vertical panel;lozenge;lozenge chains
36g;Lozenges,dotted,spaced,horizontal panel;lozenge;lozenge chains
36h;Chain of leaf lozenges,dotted,slack row,horizontal panel;lozenge;lozenge chains
36i;Lozenge,dotted,as filling ornament;lozenge;lozenge chains
36j;Lozenge chain,dotted,as filling ornament;lozenge;lozenge chains
36k;Quartered lozenge, dotted,as filling ornament;lozenge;lozenge chains
36l;Quartered lozenge, dotted,as filling ornament;lozenge;lozenge chains
36m;Quartered lozenge, dotted,as filling ornament;lozenge;lozenge chains
37a;Chain of double lozenges,vertical panel;lozenge;lozenge chains
37b;Chain of double lozenges,triangles outside,vertical panel;lozenge;lozenge chains
37c;Chain of triple lozenges,vertical panel;lozenge;lozenge chains
37d;Lozenge chain,multiple outline,vertical panel;lozenge;lozenge chains
37e;Two-tiered net of double lozenges,bars at apices,horizontal panel;lozenge;lozenge chains
37f;Three-tiered net of double lozenges,horizontal panel;lozenge;lozenge chains
37g;Lozenge in double outline,filling ornament;lozenge;lozenge chains
37h;Chain of double lozenges,dots without,vertical panel;lozenge;lozenge chains
37i;Net of double lozenges,three-tiered,separate metopes;lozenge;lozenge chains
37j;Lozenge net,enclosing solid lozenges,metopal;lozenge;lozenge chains
38a;Lozenge chain,dots within and without,horizontal panel;lozenge;lozenge chains
38b;Lozenge chain,dots within and without,vertical panel;lozenge;lozenge chains
38c;Lozenge net,four-tiered,dotted,horizontal panel;lozenge;lozenge chains
38d;Chain of double lozenges,dotted,dots in field,horizontal panel;lozenge;lozenge chains
38e;Chain of double lozenges,dotted,vertical panel;lozenge;lozenge chains
38f;Chain of double lozenges,dotted,latticed triangles in field,horizontal panel;lozenge;lozenge chains
38g;Detached triple-outline lozenges in reserved panel,horizontal panel;lozenge;lozenge chains
38h;Double lozenge,dotted,filling ornament;lozenge;lozenge chains
38i;Quatered lozenge,enclosing small dotted lozenges,as filling ornament;lozenge;lozenge chains
39a;Lozenge chain,horizontally hatched,horizontal panel;lozenge;lozenge chains
39b;Lozenge chain,hatched,horizontal panel;lozenge;lozenge chains
39c;Lozenge chain,hatched,vertical panel;lozenge;lozenge chains
39d;Row of lozenges,floating,cross-hatched,horizontal panel;lozenge;lozenge chains
39e;Row of lozenges,floating,cross-hatched,horizontal panel;lozenge;lozenge chains
39f;Lozenge chain,cross-hatched,horizontal panel;lozenge;lozenge chains
39g;Lozenge chain,cross-hatched,vertical panel;lozenge;lozenge chains
39h;Lozenges,cross-hatched,between vertical bars,horizontal panel;lozenge;lozenge chains
39i;Lozenge,cross-hatched,as filling ornament;lozenge;lozenge chains
39j;Lozenge,cross-hatched,as filling ornament;lozenge;lozenge chains
40a;Lozenge chain,cross-hatched,with dots at the sides,horizontal panel;lozenge;lozenge chains
40b;Lozenge chain,cross-hatched,with dots at the sides,vertical panel;lozenge;lozenge chains
40c;Lozenge chain,cross-hatched,with solid triangles in field,horizontal panel;lozenge;lozenge chains
40d;Lozenge chain,cross-hatched,with solid triangles in field,vertical panel;lozenge;lozenge chains
40e;Lozenge chain,cross-hatched,double outline,horizontal panel;lozenge;lozenge chains
40f;Lozenges in double outline,cross-hathed,as metopes;lozenge;lozenge chains
40g;Lozenge chain,cross-hatched,triple outline,vertical panel;lozenge;lozenge chains
40h;Lozenge chain,enclosing circle of tangential blobs,double outline,horizontal panel;lozenge;lozenge chains
40i;Chain of double lozenges,centres quartered,linked by double chevrons,horizontal panel;lozenge;lozenge chains
40j;Chain of quartered and dotted lozenges,with triangles stacked in field,horizontal panel;lozenge;lozenge chains
41a;Detached lozenges,cross-hatched,four in a metope;lozenge;lozenge chains
41b;Lozenge and triangles,cross-hatched,metopal;lozenge;lozenge chains
41c;Diagonal check pattern,cross-hatched,metopal;lozenge;lozenge chains
41d;Lozenge chain,cross-hatched,rectilinear hooks above and below,vertical panel;lozenge;lozenge chains
41e;Lozenge chain,cross-hatched,with rectilinear hooks,vertical panel;lozenge;lozenge chains
42a;Lozenge chain,cross-hatched and checkerboarded,horizontal panel;lozenge;lozenge chains
42b;Lozenge chain,cross-hatched and checked,vertical panel;lozenge;lozenge chains
42c;Lozenge chain,checkerboarded,triple outline and solid spandrels,vertical panel;lozenge;lozenge chains
42d;Chain of lozenges,checked and hatched centres,horizontal panel;lozenge;lozenge chains
42e;Tapestry pattern (lozenge net. Various fillings);lozenge;lozenge chains
42f;Tapestry pattern (lozenge net. Various fillings);lozenge;lozenge chains
43a;Diagonal checkerboard,cross-hatched,metopal;lozenge;lozenge chains
43b;Chain of diagonal checkerboards,cross-hatched,horizontal panel;lozenge;lozenge chains
43c;Chain of diagonal checkerboards,empty centres,horizontal panel;lozenge;lozenge chains
43d;Massed lozenge net like a diagonal checkerboard,cross-hatched,vertical panel;lozenge;lozenge chains
43e;Lozenge chain,solid,horizontal panel;lozenge;lozenge chains
43f;Lozenge chain,solid,vertical panel;lozenge;lozenge chains
43g;Checked lozenge net,solid,vertical panel;lozenge;lozenge chains
43h;Checked lozenge,as filling ornament;lozenge;lozenge chains
43i;Checked lozenge,as filling ornament;lozenge;lozenge chains
44a;Lozenge,triple outline,cross-hatched centre,metopal;lozenge;lozengle single
44b;Lozenge,hatched,with central dot or cross,metopal;lozenge;lozengle single
44c;Lozenge,hatched,with central dot or cross,metopal;lozenge;lozengle single
44d;Lozenge,double outline,enclosing hatching and checkerboard,metopal;lozenge;lozengle single
44e;Lozenge,double outline,enclosing hatching and checkerboard,metopal;lozenge;lozengle single
44f;Lozenge,double outline,enclosing hatching and checkerboard,metopal;lozenge;lozengle single
44g;Quartered and dotted lozenge,double outline,metopal;lozenge;lozengle single
44h;Quartered lozenge,enclosing cross-hatched lozenges,metopal;lozenge;lozengle single
44i;Quartered lozenge,enclosing cross-hatched lozenges,metopal;lozenge;lozengle single
44j;Lozenge,underlying a St. Andrew's cross,hatched double outline,dotted lozenges in quarters,metopal;lozenge;lozengle single
44k;Lozenge,underlying a St. Andrew's cross, solid lozenges in quarters, metopal;lozenge;lozengle single
44l;Lozenge star,metopal;lozenge;lozengle single
44m;Lozenge star,metopal;lozenge;lozengle single
44n;Lozenge star,much schematized,as filling ornament;lozenge;lozengle single
44o;Lozenge star,much schematized,as filling ornament;lozenge;lozengle single
44p;Lozenge star,much schematized,as filling ornament;lozenge;lozengle single
44q;Lozenge star,much schematized,as filling ornament;lozenge;lozengle single
45a;Lozenge-cross with rectilinear hooks;lozenge;lozengle single
45b;Lozenge-cross with rectilinear hooks;lozenge;lozengle single
45c;Lozenge-cross with rectilinear hooks;lozenge;lozengle single
45d;Lozenge-cross with rectilinear hooks;lozenge;lozengle single
45e;Lozenge-cross with rectilinear hooks;lozenge;lozengle single
46a;Arrow,pointing upwards;triangular ornaments;triangles
46b;Double triangle,enclosing St. Andrew's cross,shoulder ornament;triangular ornaments;triangles
46c;Two overlapping,differently inclined triangles,metopal;triangular ornaments;triangles
46d;Triangle,in the shape of intersecting groups of oblique lines,metopal;triangular ornaments;triangles
46e;Triangles,simple outline,spaced and pendent,horizontal panel;triangular ornaments;triangles
46f;Concentric triangles,standing,horizontal panel;triangular ornaments;triangles
46g;Concentric triangles,standing,horizontal panel;triangular ornaments;triangles
46h;Concentric triangles,reserved,shoulder ornament;triangular ornaments;triangles
46i;Concentric triangles,pendent,horizontal panel;triangular ornaments;triangles
46j;Concentric triangles,pendent,with hatching below,horizontal panel;triangular ornaments;triangles
46k;Triangle,hatched triple outline,horizontal panel;triangular ornaments;triangles
47a;Triangles,hatched,horizontal panel;triangular ornaments;triangles
47b;Triangle,hatched filling ornament;triangular ornaments;triangles
47c;Triangles,hatched,rectilinear hooks on apices,horizontal panel;triangular ornaments;triangles
47d;Triangles,hatched,with bars at apices,horizontal panel;triangular ornaments;triangles
47e;Triangles,simplified version of the previous,horizontal panel;triangular ornaments;triangles
47f;Triangles,simplified version of the previous,horizontal panel;triangular ornaments;triangles
47g;Triangles,hatched,pendent,horizontal panel;triangular ornaments;triangles
47h;Triangles,cross-hatched,horizontal panel;triangular ornaments;triangles
47i;Triangles,cross-hatched,horizontal panel;triangular ornaments;triangles
47j;Triangles,cross-hatched,vertical panel;triangular ornaments;triangles
47k;Triangle,cross-hatched,upright,as filling ornament;triangular ornaments;triangles
47l;Triangles,cross-hatched,pendent,horizontal panel;triangular ornaments;triangles
47m;Triangle,cross-hatched,pendent,as filling ornament;triangular ornaments;triangles
48a;Triangles,double outline,hatched,horizontal panel;triangular ornaments;triangles
48b;Triangles,double outline,cross-hatched,horizontal panel;triangular ornaments;triangles
48c;Triangle,double outline,cross-hatched,as filling ornament;triangular ornaments;triangles
48d;Triangles,double outline,hatching in form of checkerboard,horizontal panel;triangular ornaments;triangles
48e;Triangles,double outline,cross-hatched,pendent,horizontal panel;triangular ornaments;triangles
48f;Triangle,cross-hatched with zigzag border,horizontal panel;triangular ornaments;triangles
48g;Triangles,triple outline,cross-hatched,horizontal panel;triangular ornaments;triangles
48h;Triangles,triple outline,cross-hatched,horizontal panel;triangular ornaments;triangles
49a;Triangle,cross-hatched,with triple outline,shoulder ornament;triangular ornaments;triangles
49b;Triangle,cross-hatched,with triple outline,shoulder ornament;triangular ornaments;triangles
49c;Triangle,hatching in form of checkerboard,shoulder ornament;triangular ornaments;triangles
49d;Triangle,cross-hatching in form of checkerboard,shoulder ornament;triangular ornaments;triangles
49e;Triangle,cross-hatching in form of checkerboard,shoulder ornament;triangular ornaments;triangles
49f;Triangle,form-square cross-hatching,shoulder ornament;triangular ornaments;triangles
49g;Triangle,checkerboard filling,large,schoulder or horizontal panel;triangular ornaments;triangles
49h;Triangle,filled with lozenges,double outline and dot,shoulder ornament;triangular ornaments;triangles
50a;Triangle,enclosing intertwinded triangles,shoulder ornament;triangular ornaments;triangles
50b;Triangle,enclosing intertwinded triangles,shoulder ornament;triangular ornaments;triangles
50c;Triangle,enclosing two triangles and a lozenge,shoulder ornament;triangular ornaments;triangles
50d;Triangle,enclosing two triangles and a lozenge,shoulder ornament;triangular ornaments;triangles
50e;Triangle,enclosing two triangles and a lozenge,shoulder ornament;triangular ornaments;triangles
50f;Triangle,enclosing two triangles and a lozenge,shoulder ornament;triangular ornaments;triangles
50g;Triangle,enclosing two triangles and a lozenge,shoulder ornament;triangular ornaments;triangles
51a;Triangle,linear composition,shoulder ornament;triangular ornaments;triangles
51b;Triangle,linear composition,shoulder ornament;triangular ornaments;triangles
51c;Triangle,linear composition,shoulder ornament;triangular ornaments;triangles
52a;"""Rhodian tree"",metopal";triangular ornaments;triangles
52b;"""Rhodian tree"",metopal";triangular ornaments;triangles
52c;"""Rhodian tree"",metopal";triangular ornaments;triangles
52d;"""Rhodian tree with root stock"",metopal";triangular ornaments;triangles
53a;Triangles,solid,horizontal panel;triangular ornaments;triangles
53b;Dogtooth,pointing upwards,horizontal panel;triangular ornaments;triangles
53c;Dogtooth,pointing upwards,horizontal panel;triangular ornaments;triangles
53d;Dogtooth,pointing downwards,horizontal panel;triangular ornaments;triangles
53e;Dogtooth,vertical panel;triangular ornaments;triangles
53f;Alternating antithetic rays,often accompanied by dots,horizontal panel;triangular ornaments;triangles
53g;Alternating antithetic rays,often accompanied by dots,horizontal panel;triangular ornaments;triangles
53h;Alternating antithetic rays,often accompanied by dots,horizontal panel;triangular ornaments;triangles
53i;Alternating antithetic rays,accompanied by dots,vertical panel;triangular ornaments;triangles
54a;Triangles,stacked,solid,vertical panel;triangular ornaments;triangles
54b;Triangles,solid,stacked in opposite directions,horizontal panel;triangular ornaments;triangles
54c;Dogtooth,opposed,in a double-decker metope;triangular ornaments;triangles
54d;Small triangles,solid,pendent,stacked in rows,vertical panel;triangular ornaments;triangles
55a;Hour-glass,double outline,metopal;triangular ornaments;hour glasses and double axes
55b;Hour-glass,multiple outline,metopal;triangular ornaments;hour glasses and double axes
55c;Hour-glass,hatched,metopal;triangular ornaments;hour glasses and double axes
55d;Hour-glass,hatched,metopal;triangular ornaments;hour glasses and double axes
55e;Hour-glass,cross-hatched,metopal;triangular ornaments;hour glasses and double axes
55f;Hour-glasses,cross-hatched,metopal;triangular ornaments;hour glasses and double axes
55g;Hour-glass,cross-hatched,with solid spandrels,metopal;triangular ornaments;hour glasses and double axes
56a;Double axes,hatched,horizontal panel;triangular ornaments;hour glasses and double axes
56b;Double axe,cross-hatched,horizontal panel;triangular ornaments;hour glasses and double axes
56c;Double axe,cross-hatched,and triangles,metopal;triangular ornaments;hour glasses and double axes
56d;Double axes,cross-hatched,horizontal panel;triangular ornaments;hour glasses and double axes
56e;Double axes,cross-hatched,in separate metopes;triangular ornaments;hour glasses and double axes
57a;Double axe,solid,double outline;triangular ornaments;hour glasses and double axes
57b;Double axes,solid,double outline,horizontal panel;triangular ornaments;hour glasses and double axes
57c;Double axe,solid,with triangles stacked in field,metopal;triangular ornaments;hour glasses and double axes
57d;Double axe,solid,metopal;triangular ornaments;hour glasses and double axes
57e;Double axe,solid,metopal;triangular ornaments;hour glasses and double axes
57f;Double axes,solid,superimposed,metopal;triangular ornaments;hour glasses and double axes
57g;Double axes,solid,horizontal panel;triangular ornaments;hour glasses and double axes
57h;Double axes,solid,two vertical bars,horizontal panel;triangular ornaments;hour glasses and double axes
57i;Double axe,pendent;triangular ornaments;hour glasses and double axes
57j;Double axe,as filling ornament;triangular ornaments;hour glasses and double axes
57k;Double axe,as filling ornament;triangular ornaments;hour glasses and double axes
58a;St. Andrew's cross,double lines,metopal;triangular ornaments;hour glasses and double axes
58b;St. Andrew's cross,dotted,metopal;triangular ornaments;hour glasses and double axes
58c;St. Andrew's cross,hatched,metopal;triangular ornaments;hour glasses and double axes
58d;St. Andrew's cross,hatched,metopal;triangular ornaments;hour glasses and double axes
58e;St. Andrew's cross,hatched,metopal;triangular ornaments;hour glasses and double axes
58f;St. Andrew's cross,outlined;triangular ornaments;hour glasses and double axes
58g;St. Andrew's cross,outlined,as filling ornament;triangular ornaments;hour glasses and double axes
58h;Windmill pattern,hatched,as filling ornament;triangular ornaments;hour glasses and double axes
58i;Multiple windmill pattern,solid,metopal;triangular ornaments;hour glasses and double axes
59a;Wolftooth,hatched,horizontal panel;triangular ornaments;zigzag
59b;Wolftooth,cross-hatched,horizontal panel;triangular ornaments;zigzag
59c;Wolftooth,dissimilar rows,hatched and cross-hatched,horizontal panel;triangular ornaments;zigzag
59d;Zigzag,hatched,between wolftooth,horizontal panel;triangular ornaments;zigzag
59e;Zigzag,between wolftooth,simple lines,horizontal panel;triangular ornaments;zigzag
59f;Zigzag,between wolftooth,simple lines,horizontal panel;triangular ornaments;zigzag
59g;Zigzag,white on dark,horizontal panel;triangular ornaments;zigzag
59h;Zigzag,separate chevrons,single lines,horizontal panel;triangular ornaments;zigzag
60a;Zigzag, simple,horizontal panel;triangular ornaments;zigzag
60b;Zigzag,single massive line,horizontal panel;triangular ornaments;zigzag
60c;Zigzag,single line,massive and careless,horizontal panel;triangular ornaments;zigzag
60d;Zigzag,single line,thin and careless,horizontal panel;triangular ornaments;zigzag
60e;Zigzag,single line,thin and careless,vertical panel;triangular ornaments;zigzag
60f;Zigzag,stacked simple lines,vertical panel;triangular ornaments;zigzag
60g;Zigzag,stacked in three panels,vertical panel;triangular ornaments;zigzag
61a;Parallel zigzag,triple,large and spacious,horizontal panel;triangular ornaments;zigzag
61b;Parallel zigzag,double triple or multiple,horizontal panel;triangular ornaments;zigzag
61c;Parallel zigzag,double triple or multiple,horizontal panel;triangular ornaments;zigzag
61d;Parallel zigzag,multiple,obtuse angle,horizontal panel;triangular ornaments;zigzag
61e;Zigzag,multiple,vertical,metopal;triangular ornaments;zigzag
61f;Parallel zigzag,triple,vertical,vertical panel;triangular ornaments;zigzag
61g;Parallel zigzag,multiple,vertical,in groups,horizontal panel;triangular ornaments;zigzag
62a;Parallel zigzag,double,vertical bars on apices,horizontal panel;triangular ornaments;zigzag
62b;Parallel zigzag,multiple,vertical bars on apices,horizontal panel;triangular ornaments;zigzag
62c;Parallel zigzag,double,rectilinear hooks on apices,horizontal panel;triangular ornaments;zigzag
62d;Parallel zigzag,multiple,vertical,horizontal bars on apices,metopal;triangular ornaments;zigzag
62e;Parallel zigzag,vertical,as metope-triglyph-frieze;triangular ornaments;zigzag
62f;Parallel zigzag as fig. 62e,but bars on apices;triangular ornaments;zigzag
63a;Zigzag,double lines,horizontal panel;triangular ornaments;zigzag
63b;Zigzag,hatched,apices cut off,horizontal panel;triangular ornaments;zigzag
63c;Zigzag,hatched,horizontal panel;triangular ornaments;zigzag
63d;Zigzag,hatched,horizontal panel;triangular ornaments;zigzag
63e;Zigzag,hatched,vertical panel;triangular ornaments;zigzag
63f;Multiple zigzag,hatched,horizontal panel;triangular ornaments;zigzag
63g;Multiple zigzag,hatched,vertical,horizontal panel;triangular ornaments;zigzag
64a;Chevron,single,cross-hatched,shoulder ornament;triangular ornaments;chevron
64b;Chevrons,cross-hatched,floating and spaced,horizontal panel;triangular ornaments;chevron
64c;"Vertical with oblique fringes ""ear of corn"",shoulder ornament";triangular ornaments;chevron
64d;"Vertical with oblique fringes ""ear of corn"",shoulder ornament";triangular ornaments;chevron
64e;V-chevrons,floating,vertical panel;triangular ornaments;chevron
64f;"Stacks of inverted ""V's"",superimposed,vertical panel";triangular ornaments;chevron
64g;"Stacks of inverted ""V's"",superimposed,vertical panel";triangular ornaments;chevron
64h;"Massed stacks of inverted ""V's"",horizontal panel";triangular ornaments;chevron
64i;"Stacks of inverted ""V's"",superimposed,filling ornament";triangular ornaments;chevron
65a;Fishbone pattern,horizontal panel;triangular ornaments;chevron
65b;Fishbone pattern (panels of vertical chevrons),horizontal panel;triangular ornaments;chevron
65c;Fishbone pattern,vertical panel;triangular ornaments;chevron
65d;Vertical chevrons,facing right or left,horizontal panel;triangular ornaments;chevron
65e;Vertical chevrons,facing right or left,horizontal panel;triangular ornaments;chevron
65f;Antithetic chevrons,solid filling,vertical panel;triangular ornaments;chevron
66a;Sigmas,three-limbed,turned to right,horizontal panel;triangular ornaments;chevron
66b;Sigmas,four-limbed,turned to right,floating,horizontal panel;triangular ornaments;chevron
66c;M-chevrons (four limbed sigmas),stacked,vertical panel;triangular ornaments;chevron
66d;Groups of sigmas,turned to right,alternating with stars,horizontal panel;triangular ornaments;chevron
66e;Sigmas,four-limbed,turned to left,horizontal panel;triangular ornaments;chevron
66f;Sigmas,four-limbed,turned to left,horizontal panel;triangular ornaments;chevron
66g;Sigmas,four-limbed,turned to left,horizontal panel;triangular ornaments;chevron
66h;Sigmas,four-limbed,turned to left,horizontal panel;triangular ornaments;chevron
67a;"Scribble (degeneration of ""sigmas""),single or double,horizontal,floating,horizontal panel";triangular ornaments;chevron
67b;Scribble,multiple,stacked,metopal;triangular ornaments;chevron
67c;Scribble,multiple,stacked,floating,vertical panel;triangular ornaments;chevron
67d;Scribble,multiple,stacked,vertical panel;triangular ornaments;chevron
67e;Scribble,multiple,as filling ornament;triangular ornaments;chevron
67f;Column of double chevrons,as filling ornament;triangular ornaments;chevron
67g;Scribble,as filling ornament;triangular ornaments;chevron
67h;Scribble,variously disposed in an unframed panel;triangular ornaments;chevron
67i;Scribble,vertical,floating,horizontal panel;triangular ornaments;chevron
67j;Scribble,oblique zigzags,massed,shoulder ornament;triangular ornaments;chevron
67k;Scribble,vertical,horizontal panel;triangular ornaments;chevron
67l;Scribble,vertical,spaced,horizontal panel;triangular ornaments;chevron
67m;Scribble,vertical,in groups,horizontal panel;triangular ornaments;chevron
68a;"Scribble (""tadpoles""),vertical,between bars,horizontal panel";triangular ornaments;chevron
68b;Scribble,oblique groups of floating sigmas,horizontal panel;triangular ornaments;chevron
68c;Scribble,vertical,between dashes,metopal;triangular ornaments;chevron
68d;Scribble,vertical,in an unframed panel;triangular ornaments;chevron
69a;Row of dots,horizontal panel;circular ornaments;points and stars
69b;Multiple rows of dots,horizontal panel;circular ornaments;points and stars
69c;Column of dots,vertical panel;circular ornaments;points and stars
69d;Row of large dots,horizontal panel;circular ornaments;points and stars
69e;Row of oblique blobs,floating,horizontal panel;circular ornaments;points and stars
69f;Small circle,dotted,as filling ornament;circular ornaments;points and stars
69g;Chain of dotted circles,as filling ornament;circular ornaments;points and stars
69h;Circles,dotted,rectangular arrangement,metopal;circular ornaments;points and stars
69i;Dotted circles,vertical chain;circular ornaments;points and stars
70a;Dot rosette,as filling ornament;circular ornaments;points and stars
70b;Dot rosette,as filling ornament;circular ornaments;points and stars
70c;Dot rosette,as filling ornament;circular ornaments;points and stars
70d;Dot rosette,as filling ornament;circular ornaments;points and stars
70e;Dot rosette,as filling ornament;circular ornaments;points and stars
70f;Flower (dot rosette and chain);circular ornaments;points and stars
70g;Flower (dot rosette with eight-pointed star and dot chain);circular ornaments;points and stars
70h;Quartered rosette,as filling ornament;circular ornaments;points and stars
70i;Quartered rosette,as filling ornament;circular ornaments;points and stars
70j;Quartered rosette,as filling ornament;circular ornaments;points and stars
70k;Spiked rosette,as filling ornament;circular ornaments;points and stars
70l;Spiked rosette,as filling ornament;circular ornaments;points and stars
70m;Dotted circle,enclosing a swastika,as filling ornament;circular ornaments;points and stars
70n;Dotted circle,enclosing eight-armed swastika,as filling ornament;circular ornaments;points and stars
70o;Dotted circle,enclosing an outlined cross,as filling ornament;circular ornaments;points and stars
70p;Circle,enclosing eight-armed swastika,floor ornament;circular ornaments;points and stars
70q;Stalked rosette,solid,as filling ornament;circular ornaments;points and stars
70r;Rosette with dotted outline;circular ornaments;points and stars
71a;Stars,eight-pointed,horizontal panel;circular ornaments;points and stars
71b;Small square,eight-pointed star within,shoulder ornament;circular ornaments;points and stars
71c;Star,eight-pointed,in small metope;circular ornaments;points and stars
71d;Stars,eight-pointed,small,vertical panel;circular ornaments;points and stars
71e;Star,eight-pointed,filling ornament;circular ornaments;points and stars
71f;Star,sixteen-pointed,as filling ornament;circular ornaments;points and stars
71g;Star,sixteen-pointed,as filling ornament;circular ornaments;points and stars
71h;Star,sixteen-pointed,as filling ornament;circular ornaments;points and stars
71i;Large eight-pointed star;circular ornaments;points and stars
71j;Concentric star (circle and triangles),metopal;circular ornaments;points and stars
71k;Circle,enclosing a star of 9 points,hatched,floor ornament;circular ornaments;points and stars
71l;Circle,enclosing a star of 12 points,cross-hatched,floor ornament;circular ornaments;points and stars
71m;Lightning-wheel,shoulder ornament;circular ornaments;points and stars
72a;Concentric semicircles,standing,in the centre hour-glass,horizontal panel;circular ornaments;half circles
72b;Concentric three-quarter circles,enclosing hour-glass;circular ornaments;half circles
72c;Concentric semicircles,standing,enclosing half an hour-glass,horizontal panel;circular ornaments;half circles
72d;Concentric semicircles,in the centre a vertical bar,horizontal panel;circular ornaments;half circles
72e;Concentric three-quarter circles,standing;circular ornaments;half circles
72f;Concentric semicircles,standing,horizontal panel;circular ornaments;half circles
72g;Concentric semicircles,standing,horizontal panel;circular ornaments;half circles
73a;Concentric semicircles,standing,centres solid,horizontal panel;circular ornaments;half circles
73b;Concentric semicircles,centres solid,vertical panel;circular ornaments;half circles
73c;Concentric semicircles,pendent,in the centre solid bars,horizontal panel;circular ornaments;half circles
73d;Concentric semicircles,pendent,horizontal panel;circular ornaments;half circles
73e;Concentric semicircles,pendent,horizontal panel;circular ornaments;half circles
74a;Confronted semicircles,reserved,vertical disposition,metopal;circular ornaments;half circles
74b;Concentric semicircles,pendent and standing opposite each other;circular ornaments;half circles
74c;Concentric semicircles,alternately standing and pendent,horizontal panel;circular ornaments;half circles
74d;"Concentric quarter-circles (""sound-waves""),horizontal panel";circular ornaments;half circles
74e;Scale pattern,double,dotted,horizontal panel;circular ornaments;half circles
75a;Concentric circles,horizontal panel;circular ornaments;circles
75b;Concentric circles,horizontal panel;circular ornaments;circles
75c;Concentric circles,horizontal panel;circular ornaments;circles
75d;Concentric circles,horizontal panel;circular ornaments;circles
75e;Concentric circles,horizontal panel;circular ornaments;circles
75f;Concentric circles,horizontal panel;circular ornaments;circles
75g;Concentric circles,horizontal panel;circular ornaments;circles
75h;Concentric circles,horizontal panel;circular ornaments;circles
75i;Concentric circles,vertical panel;circular ornaments;circles
75j;Concentric circles,horizontal panel;circular ornaments;circles
75k;Concentric circles,horizontal panel;circular ornaments;circles
75l;Concentric circles,reserved,horizontal panel;circular ornaments;circles
76a;Concentric circles and triangles,horizontal panel;circular ornaments;circles
76b;Concentric circles,between them losenges,horizontal panel;circular ornaments;circles
76c;Circles,enclosing swastikas,between them lozenges,horizontal panel;circular ornaments;circles
76d;Chain of double circles with enclosed dots,horizontal panel;circular ornaments;circles
76e;Concentric circles,metopal;circular ornaments;circles
76f;Concentric circles,metopal;circular ornaments;circles
76g;Concentric circles,metopal;circular ornaments;circles
76h;Row of circles with enclosing bars,dots in between,horizontal panel;circular ornaments;circles
76i;Concentric circles,enclosing zigzags;circular ornaments;circles
76j;Circle,enclosing concentric circles overlapping each other;circular ornaments;circles
77a;Concentric circles,enclosing simple St. George's cross;circular ornaments;circles
77b;Concentric circles,enclosing simple St. George's cross;circular ornaments;circles
77c;Thick circle,enclosing simple St. George's cross;circular ornaments;circles
77d;Thick circle,enclosing simple St. George's cross;circular ornaments;circles
77e;Circle,enclosing a star of eight lines,floor ornament;circular ornaments;circles
77f;Triple circle with fringe,enclosing a star of six lines,metopal;circular ornaments;circles
77g;Circle,enclosing a star of eight lines,metopal;circular ornaments;circles
77h;Circles,enclosing a star of multiple points;circular ornaments;circles
77i;Circle,enclosing a star of eight lines,and dots,floor ornament;circular ornaments;circles
77j;Circle,enclosing a star of 15 lines,and dots,floor ornament;circular ornaments;circles
77k;Circle,enclosing an eleven-pointed star,double outline;circular ornaments;circles
78a;Concentric circles,enclosing hatched quarters;circular ornaments;circles
78b;Circle,lines forming a cross and chevrons,floor ornament;circular ornaments;circles
78c;Circle,enclosing a reserved cross,between chevrons,floor ornament;circular ornaments;circles
78d;Circle,enclosing a dotted cross,between chevrons,floor ornament;circular ornaments;circles
78e;Concentric circles,enclosing a reserved cross,between chevrons;circular ornaments;circles
78f;Circle,enclosing a cross,fishbone pattern in the spandrels,floor ornament;circular ornaments;circles
78g;Circle,enclosing a reserved cross,between cross-hatched triangles;circular ornaments;circles
78h;Circle,enclosing cross-hatching and chevrons,floor ornament;circular ornaments;circles
78i;Thick circle lined with dots,enclosing cross-hatched triangles and stacked chevrons,floor ornament;circular ornaments;circles
78j;Circle,enclosing a hatched cross,with triangles in the spandrels,floor ornament;circular ornaments;circles
78k;Circle,enclosing a hatched cross,floor ornament;circular ornaments;circles
78l;Circle,enclosing a cross of double lines,floor ornament;circular ornaments;circles
78m;Circle,enclosing a cross,centre solid,cross-hatching in the spandrels,floor ornament;circular ornaments;circles
79a;As dif. 78m,various patterns in the branches of the cross,floor ornament;circular ornaments;circles
79b;Circle,enclosing triple-line cross and concentric circles,floor ornament;circular ornaments;circles
79c;Circle,enclosing a solid cross,floor ornament;circular ornaments;circles
79d;Concentric circles,enclosing a reserved cross;circular ornaments;circles
79e;Concentric circles,enclosing a reserved cross;circular ornaments;circles
80a;Concentric circles,enclosing a solid hour-glass;circular ornaments;circles
80b;Concentric circles,enclosing a solid Maltese cross;circular ornaments;circles
80c;Concentric circles,enclosing a cross-hatched hour-glass,metopal;circular ornaments;circles
80d;"Concentric circles,enclosing a cross-hatched three-winged ""fan"",metopal";circular ornaments;circles
80e;Concentric circles,enclosing an hatched Maltese cross;circular ornaments;circles
80f;Concentric circles,enclosing an hatched Maltese cross;circular ornaments;circles
80g;"""Fan"" with six wings,solid";circular ornaments;circles
80h;"""Fan"" with six hatched wings,floor ornament";circular ornaments;circles
80i;"""Fan"" with eight hatched wings,floor ornament";circular ornaments;circles
81a;Circles and chain of dots,enclosing a flower of 12 leaves;circular ornaments;circle rosettes
81b;Circle,enclosing octofoil,with midribs,floor ornament;circular ornaments;circle rosettes
81c;Circle,enclosing hexafoil,with midribs;circular ornaments;circle rosettes
81d;Circle,enclosing octofoil with midribs,connecting arcs near rim,floor ornament;circular ornaments;circle rosettes
81e;Circles,enclosing reserved quatrefoil with midribs,background cross-hatched;circular ornaments;circle rosettes
81f;Circle,enclosing quatrefoil with midribs,surrounded by parallel lines,floor ornament;circular ornaments;circle rosettes
81g;Circle,enclosing quatrefoil,with midribs and hatching,floor ornament;circular ornaments;circle rosettes
81h;Circle,enclosing octofoil,with midribs and hatching,floor ornament;circular ornaments;circle rosettes
81i;Circle,enclosing quatrefoil,V-shaped hatching,floor ornament;circular ornaments;circle rosettes
81j;Circle,enclosing four-leaved windmill,hatched,floor ornament;circular ornaments;circle rosettes
82a;Circle,enclosing hatched quatrefoil,floor ornament;circular ornaments;circle rosettes
82b;Concentric circles,enclosing hatched quatrefoil,metopal;circular ornaments;circle rosettes
82c;Circle,enclosing octofoil,swastikas in between,floor ornament;circular ornaments;circle rosettes
82d;Circle,enclosing hexafoil,reserved,background dotted;circular ornaments;circle rosettes
82e;Circle,enclosing octofoil,reserved,background cross-hatched;circular ornaments;circle rosettes
82f;Circle,enclosing twelve-leaved rosette,reserved,background hatched;circular ornaments;circle rosettes
82g;Circles,enclosing seven-leaved rosette,metopal;circular ornaments;circle rosettes
82h;Circle,enclosing rosette of nine leaves,double outline,cross-hatched,floor ornament;circular ornaments;circle rosettes
82i;Circle,enclosing rosette of multiple leaves,floor ornament;circular ornaments;circle rosettes
82j;Circle,enclosing octofoil in triple outline,floor ornament;circular ornaments;circle rosettes
82k;Circle,enclosing octofoil,triple outline,hatched,floor ornament;circular ornaments;circle rosettes
83a;Wheel,four-spoked,in the quarters stars or swastikas;circular ornaments;circle rosettes
83b;Wheel,four-spoked,in the quarters stars or swastikas;circular ornaments;circle rosettes
83c;Wheel,four-spoked,in the quarters stars or swastikas;circular ornaments;circle rosettes
83d;Wheel,four-spoked,in the quarters stars or swastikas;circular ornaments;circle rosettes
83e;Concentric circles,enclosing vertical wavy line;circular ornaments;circle rosettes
83f;Circle,enclosing concentric circles,cruciform;circular ornaments;circle rosettes
83g;Circle,enclosing concentric circles,cruciform;circular ornaments;circle rosettes
84a;Circle with dotted outline,enclosing small dotted circles;circular ornaments;circle rosettes
84b;Circle with dotted outline,enclosing small dotted circles;circular ornaments;circle rosettes
84c;Circle,with circular arrangement of small circles;circular ornaments;circle rosettes
84d;"""Sunburst"",metopal";circular ornaments;circle rosettes
84e;"""Sunburst"",metopal";circular ornaments;circle rosettes
84f;Tangential circles,with central dot,metopal;circular ornaments;circle rosettes
84g;Circle,enclosing chain of tangential circles,floor ornament;circular ornaments;circle rosettes
84h;Circle,enclosing chain of tangential circles,floor ornament;circular ornaments;circle rosettes
84i;Circle with chain of tangential circles,enclosing a star;circular ornaments;circle rosettes
84j;Circle of tangential blobs and dot rosette;circular ornaments;circle rosettes
85a;Tangential circles,horizontal panel;circular ornaments;circle chains
85b;Tangential circles,with central dot,horizontal panel;circular ornaments;circle chains
85c;Dotted tagential circles,dots flanking the tangents,horizontal panel;circular ornaments;circle chains
85d;Dotted tagential circles,dots flanking the tangents,horizontal panel;circular ornaments;circle chains
85e;Tangential circles,double,horizontal panel;circular ornaments;circle chains
85f;Tangential circles,double,dots without,horizontal panel;circular ornaments;circle chains
85g;Dotted tangential circles,double,horizontal panel;circular ornaments;circle chains
85h;Tangential circles,double,dots within and without,horizontal panel;circular ornaments;circle chains
85i;Dotted tangential circles,triple,horizontal panel;circular ornaments;circle chains
86a;Tangential blobs,horizontal panel;circular ornaments;circle chains
86b;Tangential blobs,dots flanking the tangets,horizontal panel;circular ornaments;circle chains
86c;Tangential blobs,dots flanking the tangets,vertical panel;circular ornaments;circle chains
86d;Tangential blobs,elongated,dots without,horizontal panel;circular ornaments;circle chains
86e;Tangential blobs,elongated,horizontal panel;circular ornaments;circle chains
87a;Concentric circles,crossed tangents,horizontal panel;circular ornaments;circle chains
87b;Concentrique circles and multiple tangents,horizontal panel;circular ornaments;circle chains
87c;Tangential circles,triple,vertical panel;circular ornaments;circle chains
87d;Concentric tangential circles,horizontal panel;circular ornaments;circle chains
87e;Concentric tangential circles,horizontal panel;circular ornaments;circle chains
87f;Tangential triple circles,enclosing reserved crosses,horizontal panel;circular ornaments;circle chains
88a;Cable ornament,multiple lines,horizontal panel;circular ornaments;circle chains
88b;Cable,double,hatched,horizontal panel;circular ornaments;circle chains
88c;Hatched cable enclosing small doted circles,horizontal panel;circular ornaments;circle chains
88d;"Band of ""S's"",circles in between,horizontal panel";circular ornaments;circle chains
88e;"Band of ""S's"",horizontal panel";circular ornaments;circle chains
88f;"Band of ""S's"",horizontal panel";circular ornaments;circle chains
88g;"Band of ""S's"",vertical panel";circular ornaments;circle chains
89a;Spiral net,concentric circles within,horizontal panel;circular ornaments;circle chains
89b;Spiral net,swastikas within,horizontal panel;circular ornaments;circle chains
89c;Looped lines,opposed,inner space hatched,horizontal panel;circular ornaments;circle chains
89d;"""S"",upright,as filling ornament";circular ornaments;circle chains
89e;Spirals,running,horizontal panel;circular ornaments;circle chains
89f;Spirals,running,horizontal panel;circular ornaments;circle chains
89g;Chain of opposed half-circles,horizontal panel;circular ornaments;circle chains
89h;Pothooks,pendent,horizontal panel;circular ornaments;circle chains
90a;Leaf,filled with chevrons or hatching,as filling ornament;pictographics;leaves
90b;Leaf,filled with chevrons or hatching,as filling ornament;pictographics;leaves
90c;Leaves,hatched,horizontal panel;pictographics;leaves
90d;Leaves,cross-hatched,triangles in between,horizontal panel;pictographics;leaves
90e;Leaves,cross-hatched,vertical bars in between,horizontal panel;pictographics;leaves
90f;Leaf,cross-hatched,double outline,as filling ornament;pictographics;leaves
90g;Leaves,hatched,double outline,horizontal panel;pictographics;leaves
90h;Leaves,hatched,double outline,horizontal panel;pictographics;leaves
90i;Leaves,triple outline,horizontal panel;pictographics;leaves
91a;Tongues,various fillings,vertical panel;pictographics;leaves
91b;Tongues,various fillings,vertical panel;pictographics;leaves
91c;Tongues,various fillings,vertical panel;pictographics;leaves
91d;Tongues,various fillings,vertical panel;pictographics;leaves
91e;Tongues,various fillings,vertical panel;pictographics;leaves
91f;Tongues,various fillings,vertical panel;pictographics;leaves
91g;Tongues,various fillings,vertical panel;pictographics;leaves
91h;Tongue,multiple lines,as filling ornament;pictographics;leaves
91i;Plant with two leaves,metopal;pictographics;leaves
92a;Figure with rectilinear hooks;pictographics;leaves
92b;Figure with rectilinear hooks;pictographics;leaves
92c;Figure with rectilinear hooks;pictographics;leaves
92d;Figure with rectilinear hooks;pictographics;leaves
92e;Figure with rectilinear hooks;pictographics;leaves
92f;Hour-glass ornament with volutes,hatched and cross-hatched,metopal;pictographics;leaves
93a;Palm-tree;pictographics;trees and animals
93b;Palm-tree;pictographics;trees and animals
93c;Palm-tree;pictographics;trees and animals
93d;Palm-tree;pictographics;trees and animals
93e;Palm-tree;pictographics;trees and animals
93f;Volute tree;pictographics;trees and animals
93g;Volute tree;pictographics;trees and animals
93h;Volute tree;pictographics;trees and animals
93i;Volute tree;pictographics;trees and animals
93j;Volute tree;pictographics;trees and animals
93k;Volute tree;pictographics;trees and animals
94a;Fish,solid or hatched,as filling ornament;pictographics;trees and animals
94b;Fish,solid or hatched,as filling ornament;pictographics;trees and animals
94c;Fish,solid or hatched,as filling ornament;pictographics;trees and animals
94d;Serpent,dotted outline,horizontal or vertical panel;pictographics;trees and animals
94e;Serpent,solid,with a row of light dots,horizontal panel;pictographics;trees and animals
95a;Birds,bodies hatched,horizontal panel;pictographics;trees and animals
95b;Birds,bodies hatched,horizontal panel;pictographics;trees and animals
95c;Birds,bodies hatched,horizontal panel;pictographics;trees and animals
95d;Bird,body hatched or cross-hatched,in metope composition;pictographics;trees and animals
95e;Bird,body hatched or cross-hatched,in metope composition;pictographics;trees and animals
95f;Bird,body hatched or cross-hatched,in metope composition;pictographics;trees and animals
95g;Bird,body hatched or cross-hatched,in metope composition;pictographics;trees and animals
95h;Bird,body hatched or cross-hatched,in metope composition;pictographics;trees and animals
95i;Bird with worm,striped body,metopal;pictographics;trees and animals
95j;Confronted birds,hatched,metopal;pictographics;trees and animals
95k;Bird,body hatched,angular wing raised,metopal;pictographics;trees and animals
95l;Bird,body cross-hatched,raised wing hatched,metopal;pictographics;trees and animals
95m;Bird with four heads,body cross-hatched,in metope composition;pictographics;trees and animals
96a;Birds,bodies solid,horizontal panel;pictographics;trees and animals
96b;Birds,bodies solid,horizontal panel;pictographics;trees and animals
96c;Birds,bodies solid,horizontal panel;pictographics;trees and animals
96d;Bird,body solid,in metope composition;pictographics;trees and animals
96e;"Birds (""Bird-seed""),horizontal panel";pictographics;trees and animals
96f;Birds,bodies solid,confronted,vertical panel;pictographics;trees and animals
96g;Confronted birds,bodies solid,metopal;pictographics;trees and animals
96h;Birds with long necks,solid,metopal or in a horizontal panel;pictographics;trees and animals
96i;Birds with long necks,solid,metopal or in a horizontal panel;pictographics;trees and animals
